{"builtAt":"2026-04-26T15:28:33.588Z","sourceFile":"PS_Portfolio_Enriched.json","ringMi":3,"recordsTotal":4639,"recordsEnriched":4639,"densityBins":{"urban":"pop3mi >= 80,000","suburban":"pop3mi 25,000 - 80,000","exurban":"pop3mi 5,000 - 25,000","rural":"pop3mi < 5,000"},"densityCounts":{"urban":2446,"suburban":1852,"exurban":311,"rural":30,"errored":0},"stateFreq":{"CA":579,"FL":524,"CO":126,"VA":131,"NC":160,"TX":720,"GA":235,"NJ":103,"HI":15,"IL":155,"MD":115,"AL":73,"MO":56,"NY":84,"TN":80,"AZ":119,"WA":131,"LA":40,"MI":91,"IN":78,"UT":19,"OR":131,"PA":77,"CT":20,"MN":81,"SC":98,"MS":6,"NV":57,"WI":17,"OH":101,"MA":59,"DE":9,"KY":30,"OK":105,"KS":59,"ID":23,"RI":7,"NE":11,"NH":25,"DC":2,"IA":9,"":48,"NM":15,"PR":15},"brandFreq":{"PS":3504,"iStorage":465,"NSA/iStorage":670},"ownershipFreq":{"owned":4247,"third-party":344,"combined":48},"topStates":[["TX",720],["CA",579],["FL",524],["GA",235],["NC",160],["IL",155],["VA",131],["WA",131],["OR",131],["CO",126],["AZ",119],["MD",115],["OK",105],["NJ",103],["OH",101],["SC",98],["MI",91],["NY",84],["MN",81],["TN",80]],"global":{"count":4639,"distributions":{"pop3mi":{"n":4639,"min":0,"max":1381793,"mean":102368.08644104333,"p10":30464.8,"p25":52599.5,"p50":83502,"p75":124520.5,"p90":186128.8},"hhi3mi":{"n":4639,"min":0,"max":267163,"mean":90613.03793921103,"p10":58862.8,"p25":69105,"p50":85137,"p75":106695,"p90":129517.79999999999},"growth":{"n":4624,"min":-2.0161491113075525,"max":7.938160929115545,"mean":0.5011549124820711,"p10":-0.260993985884006,"p25":-0.011488420809696587,"p50":0.311213259127574,"p75":0.7722850720580487,"p90":1.5122424639217336},"households3mi":{"n":4639,"min":0,"max":593137,"mean":40345.87497305454,"p10":11826.8,"p25":20683.5,"p50":32235,"p75":48207,"p90":71596.39999999998},"homeValue3mi":{"n":4624,"min":76062,"max":2000001,"mean":480985.50086505193,"p10":226884,"p25":304628.25,"p50":409024.5,"p75":586734,"p90":797328},"renterPct":{"n":4624,"min":2.6100151745068287,"max":87.99637425722631,"mean":40.85784470903074,"p10":21.838221746461432,"p25":30.623272357057914,"p50":41.06101320322424,"p75":50.007677406513864,"p90":59.75517922385701},"nearestSiblingMi":{"n":4639,"min":0,"max":123.52492297023693,"mean":2.2848861065394255,"p10":0.23852261044971376,"p25":0.6700552418085044,"p50":1.3769735766947389,"p75":2.44850908335866,"p90":4.234483606398206}}},"subProfiles":{"urban":{"count":2446,"distributions":{"pop3mi":{"n":2446,"min":80048,"max":1381793,"mean":150668.3033524121,"p10":86570.5,"p25":97272.5,"p50":120725.5,"p75":164820.75,"p90":229881.5},"hhi3mi":{"n":2446,"min":39688,"max":232612,"mean":90564.9247751431,"p10":60864,"p25":70282.25,"p50":84926,"p75":105054.75,"p90":126607},"growth":{"n":2446,"min":-0.7750439073589743,"max":4.063672363308446,"mean":0.3056620404803844,"p10":-0.30043051553652056,"p25":-0.07709429342049878,"p50":0.19286951205026437,"p75":0.525418765966762,"p90":1.0136537786829325},"households3mi":{"n":2446,"min":20943,"max":593137,"mean":59304.70768601799,"p10":32806,"p25":37553.75,"p50":47105,"p75":63499.5,"p90":91794},"homeValue3mi":{"n":2446,"min":96043,"max":2000001,"mean":545613.9685200327,"p10":257874,"p25":336603.75,"p50":459430,"p75":656203.25,"p90":925442.5},"renterPct":{"n":2446,"min":11.247658061033311,"max":87.99637425722631,"mean":46.410911032969004,"p10":29.483315052921014,"p25":37.77631427616712,"p50":45.696808526452784,"p75":55.253038036037665,"p90":64.37952100047619},"nearestSiblingMi":{"n":2446,"min":0,"max":48.873546799908524,"mean":1.3578455026230154,"p10":0.19928492206531473,"p25":0.5501870436140776,"p50":1.0638510442302482,"p75":1.7595057868243513,"p90":2.5764902283880997}}},"suburban":{"count":1852,"distributions":{"pop3mi":{"n":1852,"min":25048,"max":79998,"mean":54570.66684665227,"p10":32571.300000000003,"p25":42577,"p50":55593.5,"p75":66817.5,"p90":74947.8},"hhi3mi":{"n":1852,"min":30483,"max":267163,"mean":91123.3903887689,"p10":56701,"p25":67922.5,"p50":85377,"p75":109107.75,"p90":131695.20000000004},"growth":{"n":1852,"min":-1.1796603745333978,"max":7.938160929115545,"mean":0.67003319647156,"p10":-0.19048513673510345,"p25":0.0671300468680025,"p50":0.4486416267020066,"p75":0.9787683905618794,"p90":1.8514583545463361},"households3mi":{"n":1852,"min":8184,"max":40611,"mean":21601.30129589633,"p10":12879.6,"p25":16408,"p50":21660,"p75":26479.5,"p90":30171.200000000004},"homeValue3mi":{"n":1852,"min":76062,"max":1918067,"mean":407167.41360691143,"p10":208989.2,"p25":276760.5,"p50":367413.5,"p75":490305,"p90":636198.1},"renterPct":{"n":1852,"min":4.245228455754772,"max":76.39643652561247,"mean":35.89936779477119,"p10":19.227886667538563,"p25":26.724532570604435,"p50":35.60199368245854,"p75":44.495493399661264,"p90":52.69175762245587},"nearestSiblingMi":{"n":1852,"min":0,"max":98.14284857387419,"mean":2.5262556824911724,"p10":0.2911986893461648,"p25":0.9325390228865873,"p50":1.8408841633992465,"p75":2.9499582567092,"p90":4.551835717702817}}},"exurban":{"count":311,"distributions":{"pop3mi":{"n":311,"min":5197,"max":24967,"mean":16831.138263665594,"p10":8558,"p25":13004,"p50":17425,"p75":21412.5,"p90":23448},"hhi3mi":{"n":311,"min":38171,"max":220594,"mean":91875.04501607717,"p10":58325,"p25":68125,"p50":87974,"p75":106532,"p90":133394},"growth":{"n":311,"min":-2.0161491113075525,"max":6.688246535798137,"mean":0.9943819297942627,"p10":-0.19506437684673195,"p25":0.17373597418750553,"p50":0.719912313699056,"p75":1.4859819960107323,"p90":2.767261530380005},"households3mi":{"n":311,"min":2123,"max":11863,"mean":6683.800643086816,"p10":3458,"p25":5028,"p50":6840,"p75":8449.5,"p90":9414},"homeValue3mi":{"n":311,"min":94771,"max":1284065,"mean":404369.81350482313,"p10":214012,"p25":282233,"p50":355420,"p75":480575,"p90":649522},"renterPct":{"n":311,"min":2.6100151745068287,"max":56.733828207847296,"mean":27.528134401499877,"p10":12.44416081684748,"p25":18.55240466408211,"p50":26.153846153846157,"p75":36.3789690478858,"p90":44.46545454545455},"nearestSiblingMi":{"n":311,"min":0,"max":123.52492297023693,"mean":7.5092463029330325,"p10":0.41276982061319345,"p25":2.0171569757964036,"p50":4.628482512827914,"p75":8.465525950827752,"p90":15.720841349437517}}},"rural":{"count":30,"distributions":{"pop3mi":{"n":30,"min":0,"max":4658,"mean":1717.4666666666667,"p10":0,"p25":0,"p50":567,"p75":3631.5,"p90":4450.3},"hhi3mi":{"n":30,"min":0,"max":165178,"mean":49947.3,"p10":0,"p25":0,"p50":24286,"p75":93984.25,"p90":118962.7},"growth":{"n":15,"min":-0.2285135511162717,"max":4.35663187590718,"mean":1.3024469513818993,"p10":-0.057912920386711225,"p25":0.23760081405854727,"p50":1.2536641445373364,"p75":2.103456982131291,"p90":2.7185261883369534},"households3mi":{"n":30,"min":0,"max":1910,"mean":697.5666666666667,"p10":0,"p25":0,"p50":263.5,"p75":1414.5,"p90":1825.4},"homeValue3mi":{"n":15,"min":134167,"max":1488220,"mean":644808.4666666667,"p10":264404.2,"p25":380208.5,"p50":617713,"p75":785794,"p90":1127214.4},"renterPct":{"n":15,"min":13.366336633663368,"max":58.368495077355846,"mean":23.913772875573773,"p10":15.36712505915996,"p25":17.20341767992113,"p50":21.322314049586776,"p75":25.39157798668961,"p90":31.462920007952814},"nearestSiblingMi":{"n":30,"min":0.2463738886088862,"max":51.94728385111263,"mean":8.809847487822411,"p10":0.5729024100451078,"p25":1.5879585577052506,"p50":4.356436125053699,"p75":8.864348224186958,"p90":25.40865173851478}}}}}